Original,amazon.com,amazon.com.au,amazon.ca,amazon.fr,amazon.de,amazon.it,amazon.es,amazon.co.uk
https://www.amazon.com/Xiaomi-Portable-Electric-Air-Compressor/dp/B0CBBP8BQX?crid=3DJPC6CQTO2GH&dib=eyJ2IjoiMSJ9.nihfKrdYTdpFBofvYmZhQm09zF71liFjJZayOVhr8uQsL_MP-0H6qB_EAPsoHXL3ILqe2ST47nr0tHiVqr2yLhT1HzJVulqPRLi2nQxWZ8BEBHs3UGhQENN9_EEBLh4MslIH5Do08ByND34srcF2OKisJxqMkeQUEMqVEFYqadSyOaFPLXZ2CuGtou3dpZMqEds8gAA2OgzdiSukc_jttamGPzLEf123jhvjfqiJjZk.yXq7PelfFgRhhuFB41ogVjWMoxDqwsSYlUAVTNiwEIo&dib_tag=se&keywords=xiaomi+portable+air+compressor&qid=1745608375&sprefix=xiaomi+portable+air+compressor%2Caps%2C180&sr=8-3&linkCode=ll1&tag=topfinds04df-20&linkId=d949f71b18846cad0502ab1151468911&language=en_US&ref_=as_li_ss_tl,https://www.amazon.com/dp/B0CBBP8BQX?tag=topfinds04df-20,https://www.amazon.com.au/dp/B0CBBP8BQX?tag=topfinds0f-22,https://www.amazon.ca/dp/B0CBBP8BQX?tag=topfinds0ee-20,https://www.amazon.fr/dp/B0CBBP8BQX?tag=topfinds038-21,https://www.amazon.de/dp/B0CBBP8BQX?tag=topfinds0a0-21,https://www.amazon.it/s?k=xiaomi+portable+air+compressor&tag=topfinds03e-21,https://www.amazon.es/dp/B0CBBP8BQX?tag=topfinds0f1a-21,https://www.amazon.co.uk/dp/B0CBBP8BQX?tag=topfinds009e-21
https://www.amazon.com/Notebook-Real-time-Synchronization-Digitization-Compatible/dp/B0DSFT2CR7?crid=1BQO7G1AQOYI2&dib=eyJ2IjoiMSJ9.XsH85dHKBF-NNvckSnoNe-Eju3NBM6te01yt218bj5kFhkNTX0HECgQPjYCfVLYklJAsoo9HzRO3AOLnG1KxryVqTTfD6wX1VC0HNwMluXpbGpL0tA4oaLWJagb2uubx3nxRhZysJTTea8uIrUDxbHy8JeWRglYF3IjFh3T4xvkHVwxHTIu_7fPCMeQAN23fH-8qsYDL87MwMxXffNl3UkvzpclnLOeYdZmODwC2eMY.JV94WgBj2tWm6qqufDeiyOWHFx_eTjity_ZHhtT3Cno&dib_tag=se&keywords=xnote%2Bbluetooth%2Bpen&qid=1745608618&sprefix=xnote%2Bbl%2Caps%2C232&sr=8-3&th=1&linkCode=ll1&tag=topfinds04df-20&linkId=c109a332fda6aa00589e633e2f9c27e2&language=en_US&ref_=as_li_ss_tl,https://www.amazon.com/dp/B0DSFT2CR7?tag=topfinds04df-20,https://www.amazon.com.au/dp/B0DSFT2CR7?tag=topfinds0f-22,https://www.amazon.ca/dp/B0DSFT2CR7?tag=topfinds0ee-20,https://www.amazon.fr/dp/B0DSFT2CR7?tag=topfinds038-21,https://www.amazon.de/dp/B0DSFT2CR7?tag=topfinds0a0-21,https://www.amazon.it/s?k=xnote%2Bbluetooth%2Bpen&tag=topfinds03e-21,https://www.amazon.es/dp/B0DSFT2CR7?tag=topfinds0f1a-21,https://www.amazon.co.uk/dp/B0DSFT2CR7?tag=topfinds009e-21
https://www.amazon.com/JOYMOOP-Cleaner-JOYLOOP-Vegetable-Scrubber/dp/B0CC492ZGV?crid=35QJZU0JVCH50&dib=eyJ2IjoiMSJ9.7wVQIrdPcEJeRNTxe-8SP23mHodSovKZ3rCtoAITzQ_fQwkTFs32VynBMzhBCKbFlPu3Q5xo0bk94wFxtRKNaSC3YCRZl3rDREAG7b-yIduYdeel6YcS22z-uYr02MpYR0egsb8pZ4IqjmMLCxopZ2gT3b4BjB6VyqdClh7ZBRwRDgJrp_aLzxYWwCbVqFQcxSz78kWLzqrW3gXrLguuXehcr6bkscbxJIizSTelML9f2-BIc92U6VPK2mxkQJptj7fke5A-3MaYzcYfZc164Gb6wn4KwEZFViMGyKaDBes.mSzGkK9HgpmwPJ2bwxHynjH8NZg75TDin02wUIuYMxM&dib_tag=se&keywords=strawberry%2Bcleaner&qid=1745608733&sprefix=strawberry%2Bcleane%2Caps%2C231&sr=8-6&th=1&linkCode=ll1&tag=topfinds04df-20&linkId=6ef9e00f1f6181b71b5a7b8eeb54936c&language=en_US&ref_=as_li_ss_tl,https://www.amazon.com/dp/B0CC492ZGV?tag=topfinds04df-20,https://www.amazon.com.au/dp/B0CC492ZGV?tag=topfinds0f-22,https://www.amazon.ca/dp/B0CC492ZGV?tag=topfinds0ee-20,https://www.amazon.fr/dp/B0CC492ZGV?tag=topfinds038-21,https://www.amazon.de/dp/B0CC492ZGV?tag=topfinds0a0-21,https://www.amazon.it/s?k=strawberry%2Bcleaner&tag=topfinds03e-21,https://www.amazon.es/dp/B0CC492ZGV?tag=topfinds0f1a-21,https://www.amazon.co.uk/dp/B0CC492ZGV?tag=topfinds009e-21
https://www.amazon.com/dp/B075WCXSJC?th=1&linkCode=ll1&tag=topfinds04df-20&linkId=3a3a71e7273e694ba76f2999ba7dd1fe&language=en_US&ref_=as_li_ss_tl,https://www.amazon.com/dp/B075WCXSJC?tag=topfinds04df-20,https://www.amazon.com.au/dp/B075WCXSJC?tag=topfinds0f-22,https://www.amazon.ca/dp/B075WCXSJC?tag=topfinds0ee-20,https://www.amazon.fr/dp/B075WCXSJC?tag=topfinds038-21,https://www.amazon.de/dp/B075WCXSJC?tag=topfinds0a0-21,https://www.amazon.it/dp/B075WCXSJC?tag=topfinds03e-21,https://www.amazon.es/dp/B075WCXSJC?tag=topfinds0f1a-21,https://www.amazon.co.uk/dp/B075WCXSJC?tag=topfinds009e-21
https://www.amazon.com/dp/B0BDT4XZR4?th=1&linkCode=ll1&tag=topfinds04df-20&linkId=d5ececd67f81007f12a48f9a4fe46c55&language=en_US&ref_=as_li_ss_tl,https://www.amazon.com/dp/B0BDT4XZR4?tag=topfinds04df-20,https://www.amazon.com.au/s?k=&tag=topfinds0f-22,https://www.amazon.ca/dp/B0BDT4XZR4?tag=topfinds0ee-20,https://www.amazon.fr/dp/B0BDT4XZR4?tag=topfinds038-21,https://www.amazon.de/dp/B0BDT4XZR4?tag=topfinds0a0-21,https://www.amazon.it/s?k=&tag=topfinds03e-21,https://www.amazon.es/dp/B0BDT4XZR4?tag=topfinds0f1a-21,https://www.amazon.co.uk/dp/B0BDT4XZR4?tag=topfinds009e-21
https://www.amazon.com/Bathroom-Faucet%EF%BC%8CModern-Faucet-Handle-Centerset/dp/B0DT9G9S6F?crid=BKOUS1QBH7UW&dib=eyJ2IjoiMSJ9.2o0h2vxUbRkhPA_qqfXqO_9UNKg-ciCHGlF4cmpaMPbXp1muf4SJakVtFgFYPdcecMRgjanbe_GhHmAXAC97I3MTiGhDD4zg-Jcl8shVn3uR0KFHCvf1qul7A16FkJlZUQq91zLw0f_AgA17sBS-65GY8EOAWhS0Nsnek8SZm02Tk845iqlvihAChpPrdN-dRfk3B9QoiJ-hgXcreR-HVhZgsf7yHJEZcooZGopw3hL_P1ZNRB_fIq4vflnHrUqQ1tYD9won_PnsnwUr9_2fBm0VOkrpd47ek_OPugf8VvA.X46V0Qajv-Z_ayhXhFUiEeSn8bs2nal355yF6Y3U5Xo&dib_tag=se&keywords=4%2Bmode%2Bfaucet&qid=1745609119&s=hi&sprefix=4%2Bmode%2Bf%2Ctools%2C252&sr=1-4&th=1&linkCode=ll1&tag=topfinds04df-20&linkId=11fe55e2507a525951d6a89ad4ee9842&language=en_US&ref_=as_li_ss_tl,https://www.amazon.com/dp/B0DT9G9S6F?tag=topfinds04df-20,https://www.amazon.com.au/dp/B0DT9G9S6F?tag=topfinds0f-22,https://www.amazon.ca/dp/B0DT9G9S6F?tag=topfinds0ee-20,https://www.amazon.fr/dp/B0DT9G9S6F?tag=topfinds038-21,https://www.amazon.de/dp/B0DT9G9S6F?tag=topfinds0a0-21,https://www.amazon.it/dp/B0DT9G9S6F?tag=topfinds03e-21,https://www.amazon.es/s?k=4%2Bmode%2Bfaucet&tag=topfinds0f1a-21,https://www.amazon.co.uk/dp/B0DT9G9S6F?tag=topfinds009e-21
https://www.amazon.com/AIDEA-Countertop-One-Handed-Stainless-Dispenser/dp/B0D8B5XJHL?crid=1QS9A5QU692FX&dib=eyJ2IjoiMSJ9.OGLKS02tllg1zXimQDzqbSmHfGQb1t95d5IGS55Wbq7AOsM4KaQkLbAJDZ0hDWfFssSyrMS6nn5BjhqFmNm3Nf05QpuAb2Zr1b_nzOvZAgBWDefFA71aLtJalz6oduw2WXd6EDs4bKrjIEQ4ElXLtSp8lMxN8l35Z8dh8O9zaLS6sL8h9nz1XM6Z9bmkB3EPsnRCetzodYU23_VSalQNleMSn2cTqsXtR5EEaXLxkylywvyWjoJZoHbjYjTK3xg-R_WMVBshEq0EMDwWxD_ewIkpNCB8uqHTGmb5lD5826g.PdeQXNpFC9YuleNntBYcA36JXTwCfT2Zvg6r35671yg&dib_tag=se&keywords=smart%2Bpaper%2Btowel%2Bholder&qid=1745609240&sprefix=smart%2Bpaper%2Btowel%2B%2Caps%2C230&sr=8-6&th=1&linkCode=ll1&tag=topfinds04df-20&linkId=b3dea05472bb5d5fc59c34ded8101fdb&language=en_US&ref_=as_li_ss_tl,https://www.amazon.com/dp/B0D8B5XJHL?tag=topfinds04df-20,https://www.amazon.com.au/dp/B0D8B5XJHL?tag=topfinds0f-22,https://www.amazon.ca/dp/B0D8B5XJHL?tag=topfinds0ee-20,https://www.amazon.fr/dp/B0D8B5XJHL?tag=topfinds038-21,https://www.amazon.de/dp/B0D8B5XJHL?tag=topfinds0a0-21,https://www.amazon.it/s?k=smart%2Bpaper%2Btowel%2Bholder&tag=topfinds03e-21,https://www.amazon.es/dp/B0D8B5XJHL?tag=topfinds0f1a-21,https://www.amazon.co.uk/dp/B0D8B5XJHL?tag=topfinds009e-21
https://www.amazon.com/Automatic-Dispenser-PZOTRUF-Adjustable-Dispensing/dp/B09NVGSSC2?crid=D3UJ162R8P39&dib=eyJ2IjoiMSJ9.guniOKgkRmsu2s-QsFOT84ZnbF2te6tmmJ8H3ZtNKO9x85cYmIS1irmJT65qPbXUyZqLDspC3sFW5AvxkLeAXuqr2ocsdcWcHBaVkBAAecdQSe1eDMoSFLCBLbdDMsp4vgINsnVpx-pj0SpRzvp1NCvpr-TZ6hVChUKgI6HfdkwKqeLUbLzwS4u97xtjQMAnwv7dbI1Ai4ryM-D0fBRDPhXq31sAaysB_nCmcX2_Teh6dbjEjfzQP5isct-yzvd-E3nZ4oqn7H3yCGEllEgoETao8nsmlTvledhTMqpowQI.dIbb54F83wJ_b57pAi_tqy9MgV1l7kT9_KtBDNFP2wg&dib_tag=se&keywords=automatic%2Bsoap%2Bdispenser&qid=1745609315&sprefix=automatic%2B%2Caps%2C242&sr=8-7&th=1&linkCode=ll1&tag=topfinds04df-20&linkId=7ff36e424c4b4dee698597c80ec1ceb9&language=en_US&ref_=as_li_ss_tl,https://www.amazon.com/dp/B09NVGSSC2?tag=topfinds04df-20,https://www.amazon.com.au/dp/B09NVGSSC2?tag=topfinds0f-22,https://www.amazon.ca/dp/B09NVGSSC2?tag=topfinds0ee-20,https://www.amazon.fr/dp/B09NVGSSC2?tag=topfinds038-21,https://www.amazon.de/dp/B09NVGSSC2?tag=topfinds0a0-21,https://www.amazon.it/dp/B09NVGSSC2?tag=topfinds03e-21,https://www.amazon.es/dp/B09NVGSSC2?tag=topfinds0f1a-21,https://www.amazon.co.uk/dp/B09NVGSSC2?tag=topfinds009e-21
https://www.amazon.com/Rotary-Hero-Bathroom-Bedroom-Dressers/dp/B008FVIK4Y?crid=Y2BRDX4YECMG&dib=eyJ2IjoiMSJ9.D8_S1-6YHHWb7CKXr6-IwrpDZi1m1yQnN3G7qDDihO9Ave1sC1mA_NMMHYh0LIA4BHhIOQGJcOxNLu20J59pBRYLJZhRk17NK7fXSCEqWBpWK3VQul6bUvZjFSklreiUUgEI7ziB6ki_iu3JuPz4WvzYAA0EHFC0QukMbcNVOEJQKNUa2Vd8JtdBMIAL6jM0jH-jbnUhcIz7eDrCI9CwNcg26K5Okns31lodVtpRnjPUDzV66OCuN-phlaP7rTYtQD4pmhuPzbegFR-eKVy-vg5HPa6BaGXnv1gzxyJPRWA.XdI5-y57Wim23Q5wVoE98I25bdrR9met3DyaVBceu5o&dib_tag=se&keywords=moai%2Btissue%2Bbox&qid=1745600798&sprefix=moai%2Bt%2Caps%2C236&sr=8-6&th=1&linkCode=ll1&tag=topfinds04df-20&linkId=42a2810ffadaab831a334dff9a9b9ef7&language=en_US&ref_=as_li_ss_tl,https://www.amazon.com/dp/B008FVIK4Y?tag=topfinds04df-20,https://www.amazon.com.au/dp/B008FVIK4Y?tag=topfinds0f-22,https://www.amazon.ca/dp/B008FVIK4Y?tag=topfinds0ee-20,https://www.amazon.fr/dp/B008FVIK4Y?tag=topfinds038-21,https://www.amazon.de/dp/B008FVIK4Y?tag=topfinds0a0-21,https://www.amazon.it/s?k=moai%2Btissue%2Bbox&tag=topfinds03e-21,https://www.amazon.es/dp/B008FVIK4Y?tag=topfinds0f1a-21,https://www.amazon.co.uk/dp/B008FVIK4Y?tag=topfinds009e-21
https://www.amazon.com/NURSETEK-Electric-Underarm-Rechargeable-Trimmer/dp/B0D17KZYDH?crid=822FCSX39FKS&dib=eyJ2IjoiMSJ9.zNaF66oGiqM87nnbQ3FGSEGX9oFZC0RoY2JPB-5XOztz2JADsGuu5x7HcY9_pT5WaI_NC00QWWFqbiBbIi4kpZWhllw5Mc3JLjEdWOP0ytocukbPFTkPPFOMj4TM7c5qOqAq2I4fim5LIXEeLpbgol7_HPMv4_mqX-vM7z_vhhhVmHOOHeHKyvZwWRDDN5tRj1aKBqDALyWCk2DfpeDi-peAYAuYuyKmTlkYngULLIu0ymtBae2sAI0mEnbSOEP-evIHkOqiO0j9QZqi_Dnk7gl5alv-z8pFsUhOU_fYd7U.eoeYhcfjMdaiCyeAPv4_XzAToHx5jD9PWU99a4Q3Nqo&dib_tag=se&keywords=dual+head+shaver&qid=1745601394&sbo=RZvfv%2F%2FHxDF%2BO5021pAnSA%3D%3D&sprefix=dual+head+shave%2Caps%2C212&sr=8-8&linkCode=ll1&tag=topfinds04df-20&linkId=6024aa9a9c7dfdd0e32b8fca5051d30f&language=en_US&ref_=as_li_ss_tl,https://www.amazon.com/dp/B0D17KZYDH?tag=topfinds04df-20,https://www.amazon.com.au/dp/B0D17KZYDH?tag=topfinds0f-22,https://www.amazon.ca/dp/B0D17KZYDH?tag=topfinds0ee-20,https://www.amazon.fr/dp/B0D17KZYDH?tag=topfinds038-21,https://www.amazon.de/dp/B0D17KZYDH?tag=topfinds0a0-21,https://www.amazon.it/s?k=dual+head+shaver&tag=topfinds03e-21,https://www.amazon.es/dp/B0D17KZYDH?tag=topfinds0f1a-21,https://www.amazon.co.uk/dp/B0D17KZYDH?tag=topfinds009e-21
https://www.amazon.com/Bitvae-Toothbrush-Cleaner-Rechargeable-Bathrooms/dp/B0DBKXY645?crid=1OVA9VKWYDYTQ&dib=eyJ2IjoiMSJ9.ZJoj6BSvpT2FvCvxqFFV2EFSDj_3jeswdI_NTJLuOIDBFBetXABYlBbbDPBB7guKKGtO_s7SjGXZNz0B9iXYiijRxBGn2yGHzf-kOpvi1Bfso1jmQeg38yU-bkRP9hsr05SVBuYDvIPJSTm4M3Ug4CC93PBOth0GeulcLFU7--TKvTxJYBWPV69qmtuy8hNlKRnmnLhggew2R6bW8KHQNMwv2lIyKGECrZZmE9EtZlzh1-EFo9XIku0wu7PsPoEJHYn2uAf9gUHOEH4pEvqlUp19xUm4dR1xlp-f1FtmCpA.IdO8jLTdfGrS19atX5rw4wS0ujc8hvdrL9CTV7NDI7g&dib_tag=se&keywords=toothbrush+sterilizer&qid=1745606334&sprefix=toothbrush+st%2Caps%2C257&sr=8-6&linkCode=ll1&tag=topfinds04df-20&linkId=20c2d743eb28890d1e9fb6a436a32d9e&language=en_US&ref_=as_li_ss_tl,https://www.amazon.com/dp/B0DBKXY645?tag=topfinds04df-20,https://www.amazon.com.au/dp/B0DBKXY645?tag=topfinds0f-22,https://www.amazon.ca/dp/B0DBKXY645?tag=topfinds0ee-20,https://www.amazon.fr/dp/B0DBKXY645?tag=topfinds038-21,https://www.amazon.de/dp/B0DBKXY645?tag=topfinds0a0-21,https://www.amazon.it/s?k=toothbrush+sterilizer&tag=topfinds03e-21,https://www.amazon.es/dp/B0DBKXY645?tag=topfinds0f1a-21,https://www.amazon.co.uk/dp/B0DBKXY645?tag=topfinds009e-21
https://www.amazon.com/ABHILWY-Retractable-Clothesline-Adjustable-Retracting/dp/B08XN2YWHN?crid=2O0UT9ANY3KFH&dib=eyJ2IjoiMSJ9.JmELQ43hXz4ZtUjTqXMg_5jchnky-5H__VKe3eSwWXeHWX5Zx76S5GrVf-TM5eYgYJpYLEy2cXD6lB66x7UPvOmzxwMH8ifazmRDQm8oaS6NZ0apwJMa0cuSgJAaBOwUGDpTZMuDwNyQ6i7Ie4npbfoXaNRO1tdw_2AcMheRWsRFh31lFgUGg8zttiXP9ThSwOo1zCwh9uijU1nwrYG_y6O5FtQhvNxveH6gZO5ChCLyfcMOLP3YBmXV97_lV1WC_7gBCYf7W0bJ8RP97ttrAVQpzmNh6LHTyhb95CEz-a4.OlEK4iW3wQleFAXQIbTRxOjkjLchZuPgyRIfTRcrSEs&dib_tag=se&keywords=retractable%2Bclothesline%2Babwhirly&qid=1745606556&sprefix=retractable%2Bclothesline%2Babwhilw%2Caps%2C185&sr=8-6&th=1&linkCode=ll1&tag=topfinds04df-20&linkId=872e67b2a1a0ebfcad799237a79a418f&language=en_US&ref_=as_li_ss_tl,https://www.amazon.com/dp/B08XN2YWHN?tag=topfinds04df-20,https://www.amazon.com.au/dp/B08XN2YWHN?tag=topfinds0f-22,https://www.amazon.ca/dp/B08XN2YWHN?tag=topfinds0ee-20,https://www.amazon.fr/dp/B08XN2YWHN?tag=topfinds038-21,https://www.amazon.de/dp/B08XN2YWHN?tag=topfinds0a0-21,https://www.amazon.it/s?k=retractable%2Bclothesline%2Babwhirly&tag=topfinds03e-21,https://www.amazon.es/dp/B08XN2YWHN?tag=topfinds0f1a-21,https://www.amazon.co.uk/dp/B08XN2YWHN?tag=topfinds009e-21
https://www.amazon.com/dp/B0B7XR7PPD?asc_contentid=amzn1.vse.video.0e41f782ddd44dd5a09c12e7eb2bef7c&th=1&linkCode=ll1&tag=topfinds04df-20&linkId=9b6f7effac1b0528a51df954a48a2d03&language=en_US&ref_=as_li_ss_tl,https://www.amazon.com/dp/B0B7XR7PPD?tag=topfinds04df-20,https://www.amazon.com.au/dp/B0B7XR7PPD?tag=topfinds0f-22,https://www.amazon.ca/dp/B0B7XR7PPD?tag=topfinds0ee-20,https://www.amazon.fr/dp/B0B7XR7PPD?tag=topfinds038-21,https://www.amazon.de/dp/B0B7XR7PPD?tag=topfinds0a0-21,https://www.amazon.it/dp/B0B7XR7PPD?tag=topfinds03e-21,https://www.amazon.es/dp/B0B7XR7PPD?tag=topfinds0f1a-21,https://www.amazon.co.uk/dp/B0B7XR7PPD?tag=topfinds009e-21
https://www.amazon.com/Psync-Genie-Detection-32GB-Full-Screen/dp/B0CNSMZZRP?crid=VN5SL4LRL0W4&dib=eyJ2IjoiMSJ9.E7pT0hjkf_3CQmB-tZKRzBwE3IvutR-FCwReD8jbSZdEOD7yGH3wLIFNW3uAtPKD4R9p5gGtgahSyAZA2KSaSpJdV2IuLZ43IPugmAuQb95955Esdw95Z1lMgPMKPmIl6xDJDfb6VCPB25FoOMSGwHquKaS8cZnYJmvHtyERFt3CWYWnK1IzJf6yaYNvnQKNPHg9YV7QcpKj0V0kMVRxuwCfQVO9HGA79U1BW544Lp4.xzrEe6OvbMXxP8A4EpFLDd5ivY1nxBO5-rDX3_5jCxU&dib_tag=se&keywords=psync%2Bcamera%2Bgenie%2Bs&qid=1719437105&sprefix=Psync%2Caps%2C163&sr=8-1-spons&sp_csd=d2lkZ2V0TmFtZT1zcF9hdGY&th=1&linkCode=ll1&tag=topfinds04df-20&linkId=2d7c1d958cb5c2e186e9a8ca78e3289b&language=en_US&ref_=as_li_ss_tl,https://www.amazon.com/dp/B0CNSMZZRP?tag=topfinds04df-20,https://www.amazon.com.au/dp/B0CNSMZZRP?tag=topfinds0f-22,https://www.amazon.ca/dp/B0CNSMZZRP?tag=topfinds0ee-20,https://www.amazon.fr/dp/B0CNSMZZRP?tag=topfinds038-21,https://www.amazon.de/dp/B0CNSMZZRP?tag=topfinds0a0-21,https://www.amazon.it/s?k=psync%2Bcamera%2Bgenie%2Bs&tag=topfinds03e-21,https://www.amazon.es/dp/B0CNSMZZRP?tag=topfinds0f1a-21,https://www.amazon.co.uk/dp/B0CNSMZZRP?tag=topfinds009e-21
https://www.amazon.com/Diffuserlove-Essential-Diffuser-Humidifier-Aromatherapy/dp/B0D48ZT2JG?crid=5KEPS5BOH525&dib=eyJ2IjoiMSJ9.J9quep0B0EU9tHf0PS9YaSQVwA3YzidME76aYEuODk6lMbSe72rKKoon4VtBX03Y8FEfhKo_nU5yMssr78h002ue0Qlo1OM8VSRTbxFOLgcmwgQ5u9IGhGJO-EzkciR-t8mO1p2SFmaRmdcqTIzz4wsPrrTDSsg_IeeqJLumQOhRxyBgGhJMDIX_3XhMpD4r3Qad6ui36Cp7qGINwZ3axz9hBeaBOgC-TWtbd8BA9ffJbjvskKXI7_FvRdbtTXdOfEH0xBza49x2_t79yzfgNTeYP1gauOxgnTYdKQOqjQc.ZSJ66frM-yfp_sR5qDGiMBWKu6BefYZGCLfkZIbTu3I&dib_tag=se&keywords=train%2Bhumidifier&qid=1745608275&sprefix=train%2Bhumi%2Caps%2C240&sr=8-6&th=1&linkCode=ll1&tag=topfinds04df-20&linkId=cd345ca2388949cdd566692889338e19&language=en_US&ref_=as_li_ss_tl,https://www.amazon.com/dp/B0D48ZT2JG?tag=topfinds04df-20,https://www.amazon.com.au/dp/B0D48ZT2JG?tag=topfinds0f-22,https://www.amazon.ca/dp/B0D48ZT2JG?tag=topfinds0ee-20,https://www.amazon.fr/dp/B0D48ZT2JG?tag=topfinds038-21,https://www.amazon.de/dp/B0D48ZT2JG?tag=topfinds0a0-21,https://www.amazon.it/dp/B0D48ZT2JG?tag=topfinds03e-21,https://www.amazon.es/dp/B0D48ZT2JG?tag=topfinds0f1a-21,https://www.amazon.co.uk/dp/B0D48ZT2JG?tag=topfinds009e-21
