Moai Tissue Box Holder,https://www.amazon.com/Rotary-Hero-Bathroom-Bedroom-Dressers/dp/B008FVIK4Y/ref=sr_1_6?crid=Y2BRDX4YECMG&dib=eyJ2IjoiMSJ9.D8_S1-6YHHWb7CKXr6-IwrpDZi1m1yQnN3G7qDDihO9Ave1sC1mA_NMMHYh0LIA4BHhIOQGJcOxNLu20J59pBRYLJZhRk17NK7fXSCEqWBpWK3VQul6bUvZjFSklreiUUgEI7ziB6ki_iu3JuPz4WvzYAA0EHFC0QukMbcNVOEJQKNUa2Vd8JtdBMIAL6jM0jH-jbnUhcIz7eDrCI9CwNcg26K5Okns31lodVtpRnjPUDzV66OCuN-phlaP7rTYtQD4pmhuPzbegFR-eKVy-vg5HPa6BaGXnv1gzxyJPRWA.XdI5-y57Wim23Q5wVoE98I25bdrR9met3DyaVBceu5o&dib_tag=se&keywords=moai%2Btissue%2Bbox&qid=1745600798&sprefix=moai%2Bt%2Caps%2C236&sr=8-6&th=1,https://amzn.to/3Ey524d
Electric Shaver,https://www.amazon.com/NURSETEK-Electric-Underarm-Rechargeable-Trimmer/dp/B0D17KZYDH/ref=sr_1_8_mod_primary_new?crid=822FCSX39FKS&dib=eyJ2IjoiMSJ9.zNaF66oGiqM87nnbQ3FGSEGX9oFZC0RoY2JPB-5XOztz2JADsGuu5x7HcY9_pT5WaI_NC00QWWFqbiBbIi4kpZWhllw5Mc3JLjEdWOP0ytocukbPFTkPPFOMj4TM7c5qOqAq2I4fim5LIXEeLpbgol7_HPMv4_mqX-vM7z_vhhhVmHOOHeHKyvZwWRDDN5tRj1aKBqDALyWCk2DfpeDi-peAYAuYuyKmTlkYngULLIu0ymtBae2sAI0mEnbSOEP-evIHkOqiO0j9QZqi_Dnk7gl5alv-z8pFsUhOU_fYd7U.eoeYhcfjMdaiCyeAPv4_XzAToHx5jD9PWU99a4Q3Nqo&dib_tag=se&keywords=dual+head+shaver&qid=1745601394&sbo=RZvfv%2F%2FHxDF%2BO5021pAnSA%3D%3D&sprefix=dual+head+shave%2Caps%2C212&sr=8-8,https://amzn.to/3EAaFyQ
Toothbrush Cleaner,https://www.amazon.com/Bitvae-Toothbrush-Cleaner-Rechargeable-Bathrooms/dp/B0DBKXY645/ref=sr_1_6?crid=1OVA9VKWYDYTQ&dib=eyJ2IjoiMSJ9.ZJoj6BSvpT2FvCvxqFFV2EFSDj_3jeswdI_NTJLuOIDBFBetXABYlBbbDPBB7guKKGtO_s7SjGXZNz0B9iXYiijRxBGn2yGHzf-kOpvi1Bfso1jmQeg38yU-bkRP9hsr05SVBuYDvIPJSTm4M3Ug4CC93PBOth0GeulcLFU7--TKvTxJYBWPV69qmtuy8hNlKRnmnLhggew2R6bW8KHQNMwv2lIyKGECrZZmE9EtZlzh1-EFo9XIku0wu7PsPoEJHYn2uAf9gUHOEH4pEvqlUp19xUm4dR1xlp-f1FtmCpA.IdO8jLTdfGrS19atX5rw4wS0ujc8hvdrL9CTV7NDI7g&dib_tag=se&keywords=toothbrush+sterilizer&qid=1745606334&sprefix=toothbrush+st%2Caps%2C257&sr=8-6,https://amzn.to/3EyH74H
Retractable Clothes Line,https://www.amazon.com/ABHILWY-Retractable-Clothesline-Adjustable-Retracting/dp/B08XN2YWHN/ref=sr_1_6?crid=2O0UT9ANY3KFH&dib=eyJ2IjoiMSJ9.JmELQ43hXz4ZtUjTqXMg_5jchnky-5H__VKe3eSwWXeHWX5Zx76S5GrVf-TM5eYgYJpYLEy2cXD6lB66x7UPvOmzxwMH8ifazmRDQm8oaS6NZ0apwJMa0cuSgJAaBOwUGDpTZMuDwNyQ6i7Ie4npbfoXaNRO1tdw_2AcMheRWsRFh31lFgUGg8zttiXP9ThSwOo1zCwh9uijU1nwrYG_y6O5FtQhvNxveH6gZO5ChCLyfcMOLP3YBmXV97_lV1WC_7gBCYf7W0bJ8RP97ttrAVQpzmNh6LHTyhb95CEz-a4.OlEK4iW3wQleFAXQIbTRxOjkjLchZuPgyRIfTRcrSEs&dib_tag=se&keywords=retractable%2Bclothesline%2Babwhirly&qid=1745606556&sprefix=retractable%2Bclothesline%2Babwhilw%2Caps%2C185&sr=8-6&th=1,https://amzn.to/4lN19Jp
Hand Warmers Rechargable,https://www.amazon.com/dp/B0B7XR7PPD?ref=vse_pfo_vwis&tag=onamzssfinds-20&linkCode=ssc&creativeASIN=B0B7XJ2H9X&asc_contentid=amzn1.vse.video.0e41f782ddd44dd5a09c12e7eb2bef7c&th=1,https://amzn.to/4jsfYiQ
Indoor Camera,https://www.amazon.com/Psync-Genie-Detection-32GB-Full-Screen/dp/B0CNSMZZRP?crid=VN5SL4LRL0W4&dib=eyJ2IjoiMSJ9.E7pT0hjkf_3CQmB-tZKRzBwE3IvutR-FCwReD8jbSZdEOD7yGH3wLIFNW3uAtPKD4R9p5gGtgahSyAZA2KSaSpJdV2IuLZ43IPugmAuQb95955Esdw95Z1lMgPMKPmIl6xDJDfb6VCPB25FoOMSGwHquKaS8cZnYJmvHtyERFt3CWYWnK1IzJf6yaYNvnQKNPHg9YV7QcpKj0V0kMVRxuwCfQVO9HGA79U1BW544Lp4.xzrEe6OvbMXxP8A4EpFLDd5ivY1nxBO5-rDX3_5jCxU&dib_tag=se&keywords=psync%2Bcamera%2Bgenie%2Bs&qid=1719437105&sprefix=Psync%2Caps%2C163&sr=8-1-spons&sp_csd=d2lkZ2V0TmFtZT1zcF9hdGY&th=1&linkCode=sl1&tag=theunboxologi-20&linkId=54920bed9bb82fd208f208f83d43fe3b&language=en_US&ref_=as_li_ss_tl,https://amzn.to/44br47o
Train Humidifier,https://www.amazon.com/Diffuserlove-Essential-Diffuser-Humidifier-Aromatherapy/dp/B0D48ZT2JG/ref=sr_1_6?crid=5KEPS5BOH525&dib=eyJ2IjoiMSJ9.J9quep0B0EU9tHf0PS9YaSQVwA3YzidME76aYEuODk6lMbSe72rKKoon4VtBX03Y8FEfhKo_nU5yMssr78h002ue0Qlo1OM8VSRTbxFOLgcmwgQ5u9IGhGJO-EzkciR-t8mO1p2SFmaRmdcqTIzz4wsPrrTDSsg_IeeqJLumQOhRxyBgGhJMDIX_3XhMpD4r3Qad6ui36Cp7qGINwZ3axz9hBeaBOgC-TWtbd8BA9ffJbjvskKXI7_FvRdbtTXdOfEH0xBza49x2_t79yzfgNTeYP1gauOxgnTYdKQOqjQc.ZSJ66frM-yfp_sR5qDGiMBWKu6BefYZGCLfkZIbTu3I&dib_tag=se&keywords=train%2Bhumidifier&qid=1745608275&sprefix=train%2Bhumi%2Caps%2C240&sr=8-6&th=1,https://amzn.to/4cOIKrF
Portable Air Compressor,https://www.amazon.com/Xiaomi-Portable-Electric-Air-Compressor/dp/B0CBBP8BQX/ref=sr_1_3?crid=3DJPC6CQTO2GH&dib=eyJ2IjoiMSJ9.nihfKrdYTdpFBofvYmZhQm09zF71liFjJZayOVhr8uQsL_MP-0H6qB_EAPsoHXL3ILqe2ST47nr0tHiVqr2yLhT1HzJVulqPRLi2nQxWZ8BEBHs3UGhQENN9_EEBLh4MslIH5Do08ByND34srcF2OKisJxqMkeQUEMqVEFYqadSyOaFPLXZ2CuGtou3dpZMqEds8gAA2OgzdiSukc_jttamGPzLEf123jhvjfqiJjZk.yXq7PelfFgRhhuFB41ogVjWMoxDqwsSYlUAVTNiwEIo&dib_tag=se&keywords=xiaomi+portable+air+compressor&qid=1745608375&sprefix=xiaomi+portable+air+compressor%2Caps%2C180&sr=8-3,https://amzn.to/4iCurrx
Smart Bluetooth Pen,https://www.amazon.com/Notebook-Real-time-Synchronization-Digitization-Compatible/dp/B0DSFT2CR7/ref=sr_1_3?crid=1BQO7G1AQOYI2&dib=eyJ2IjoiMSJ9.XsH85dHKBF-NNvckSnoNe-Eju3NBM6te01yt218bj5kFhkNTX0HECgQPjYCfVLYklJAsoo9HzRO3AOLnG1KxryVqTTfD6wX1VC0HNwMluXpbGpL0tA4oaLWJagb2uubx3nxRhZysJTTea8uIrUDxbHy8JeWRglYF3IjFh3T4xvkHVwxHTIu_7fPCMeQAN23fH-8qsYDL87MwMxXffNl3UkvzpclnLOeYdZmODwC2eMY.JV94WgBj2tWm6qqufDeiyOWHFx_eTjity_ZHhtT3Cno&dib_tag=se&keywords=xnote%2Bbluetooth%2Bpen&qid=1745608618&sprefix=xnote%2Bbl%2Caps%2C232&sr=8-3&th=1,https://amzn.to/4cK3aSo
Fruit Cleaner,https://www.amazon.com/JOYMOOP-Cleaner-JOYLOOP-Vegetable-Scrubber/dp/B0BZS6YYP9/ref=sr_1_6?crid=35QJZU0JVCH50&dib=eyJ2IjoiMSJ9.7wVQIrdPcEJeRNTxe-8SP23mHodSovKZ3rCtoAITzQ_fQwkTFs32VynBMzhBCKbFlPu3Q5xo0bk94wFxtRKNaSC3YCRZl3rDREAG7b-yIduYdeel6YcS22z-uYr02MpYR0egsb8pZ4IqjmMLCxopZ2gT3b4BjB6VyqdClh7ZBRwRDgJrp_aLzxYWwCbVqFQcxSz78kWLzqrW3gXrLguuXehcr6bkscbxJIizSTelML9f2-BIc92U6VPK2mxkQJptj7fke5A-3MaYzcYfZc164Gb6wn4KwEZFViMGyKaDBes.mSzGkK9HgpmwPJ2bwxHynjH8NZg75TDin02wUIuYMxM&dib_tag=se&keywords=strawberry%2Bcleaner&qid=1745608733&sprefix=strawberry%2Bcleane%2Caps%2C231&sr=8-6&th=1,https://amzn.to/444IP8e
Floating Moon Lamp/Charger,https://www.amazon.com/dp/B075WCXSJC/ref=cm_sw_r_as_gl_api_gl_i_1ADJ9XRSGM6G39SY9W9R?linkCode=ml1&tag=arunjr711-20&th=1,https://amzn.to/4lSqEco
,https://www.amazon.com/dp/B0BDT4XZR4/ref=cm_sw_r_as_gl_apa_gl_i_20T2EE4RCTNHGMESN7C3?linkCode=ml1&tag=mosaab0e-20&th=1,https://amzn.to/4cSCL52